Player,Image URL,Country,Country URL
A. Danladi,https://images.mlssoccer.com/image/private/t_editorial_squared_6_desktop/f_png/mls-nsh-prd/urvo5dx3d5relwl28hd2.png,Ghana,https://cdn.sofifa.com/flags/gh.png
A. Godoy,https://images.mlssoccer.com/image/private/t_editorial_squared_6_desktop/f_png/mls-nsh-prd/ldcdesdyk2mz0adaqeje.png,Panama,https://cdn.sofifa.com/flags/pa.png
A. Johnston,https://images.mlssoccer.com/image/private/t_editorial_squared_6_desktop/f_png/mls-nsh-prd/md6tnxllgt2dsyfsbiag.png,Canada,https://cdn.sofifa.com/flags/ca.png
A. Loba,https://images.mlssoccer.com/image/private/t_editorial_squared_6_desktop/f_auto/mls-nsh-prd/afxifqejcbnmneopxaws.jpg,Ivory Coast,https://cdn.sofifa.com/flags/ci.png
A. Muyl,https://images.mlssoccer.com/image/private/t_editorial_squared_6_desktop/f_png/mls-nsh-prd/tcw9rabwxmd8fujtuach.png,USA,https://cdn.sofifa.com/flags/us.png
A. Winn,https://images.mlssoccer.com/image/private/t_editorial_squared_6_desktop/f_png/mls-nsh-prd/jj5mujai98xnpaeyrgwp.png,USA,https://cdn.sofifa.com/flags/us.png
B. Anunga,https://images.mlssoccer.com/image/private/t_editorial_squared_6_desktop/f_png/mls-nsh-prd/r4dpftj6uwbqftpozwkf.png,Cameroon,https://cdn.sofifa.com/flags/cm.png
B. Beckeles,https://images.mlssoccer.com/image/private/t_editorial_squared_6_desktop/f_png/mls-nsh-prd/ncoqnqg5lslho7f8pspp.png,Honduras,https://cdn.sofifa.com/flags/hn.png
B. Meredith,https://images.mlssoccer.com/image/private/t_editorial_squared_6_desktop/f_png/mls-nsh-prd/g6hikop9x0aekfbsbvqb.png,USA,https://cdn.sofifa.com/flags/us.png
B. Scott,https://images.mlssoccer.com/image/private/t_editorial_squared_6_desktop/f_png/mls-nsh-prd/u2rqxh9xgcafjepbthq8.png,USA,https://cdn.sofifa.com/flags/us.png
C. Cochran,https://images.mlssoccer.com/image/private/t_editorial_squared_6_desktop/f_auto/mls-nsh-prd/arewdmkopmnrrqcbtxem.jpg,USA,https://cdn.sofifa.com/flags/us.png
C. Sapong,https://images.mlssoccer.com/image/private/t_editorial_squared_6_desktop/f_png/mls-nsh-prd/gucpc3aahdea9diuglgy.png,USA,https://cdn.sofifa.com/flags/us.png
D. Accam,https://images.mlssoccer.com/image/private/t_editorial_squared_6_desktop/f_png/mls-nsh-prd/qn9grqqysbjc4bypwtck.png,Ghana,https://cdn.sofifa.com/flags/gh.png
D. Badji,https://images.mlssoccer.com/image/private/t_editorial_squared_6_desktop/f_png/mls-nsh-prd/dg51azk0jyeeam6w4qsy.png,Senegal,https://cdn.sofifa.com/flags/sn.png
D. Jones,https://images.mlssoccer.com/image/private/t_editorial_squared_6_desktop/f_png/mls-nsh-prd/tqpgw0duqueg1neaxb0z.png,USA,https://cdn.sofifa.com/flags/us.png
D. Lovitz,https://images.mlssoccer.com/image/private/t_editorial_squared_6_desktop/f_png/mls-nsh-prd/jfrd9z9rdoedrkejbarw.png,USA,https://cdn.sofifa.com/flags/us.png
D. McCarty,https://images.mlssoccer.com/image/private/t_editorial_squared_6_desktop/f_png/mls-nsh-prd/pad8rjtbrisykwdrlhaa.png,USA,https://cdn.sofifa.com/flags/us.png
D. Nealis,https://images.mlssoccer.com/image/private/t_editorial_squared_6_desktop/f_png/mls-nsh-prd/dlcx2tbbljqvhn7qtjfd.png,USA,https://cdn.sofifa.com/flags/us.png
D. Ríos,https://images.mlssoccer.com/image/private/t_editorial_squared_6_desktop/f_png/mls-nsh-prd/jzwz4zbmifdcyfkmao43.png,Mexico,https://cdn.sofifa.com/flags/mx.png
D. Romney,https://images.mlssoccer.com/image/private/t_editorial_squared_6_desktop/f_png/mls-nsh-prd/n4epyzagnmq7zz8opb9y.png,USA,https://cdn.sofifa.com/flags/us.png
E. Miller,https://images.mlssoccer.com/image/private/t_editorial_squared_6_desktop/f_png/mls-nsh-prd/xccvsafcjccwj7zawqza.png,USA,https://cdn.sofifa.com/flags/us.png
E. Panicco,https://images.mlssoccer.com/image/private/t_editorial_squared_6_desktop/f_png/mls-nsh-prd/rzcjtntoo4fadbicjygl.png,USA,https://cdn.sofifa.com/flags/us.png
H. Bwana,https://images.mlssoccer.com/image/private/t_editorial_squared_6_desktop/f_png/mls-nsh-prd/ndsmlbpfwike7mlmyzl9.png,Kenya,https://cdn.sofifa.com/flags/ke.png
H. Mukhtar,https://images.mlssoccer.com/image/private/t_editorial_squared_6_desktop/f_png/mls-nsh-prd/aqjogjypjvn9n2eeawev.png,Germany,https://cdn.sofifa.com/flags/de.png
I. Donasiyano,https://images.mlssoccer.com/image/private/t_editorial_squared_6_desktop/f_png/mls-nsh-prd/m3xhuzdfnw9koolpezlm.png,Tanzania,https://cdn.sofifa.com/flags/tz.png
J. Anibaba,https://images.mlssoccer.com/image/private/t_editorial_squared_6_desktop/f_png/mls-nsh-prd/gdjyafn3fe1xyqbzhixq.png,USA,https://cdn.sofifa.com/flags/us.png
J. Cádiz,https://images.mlssoccer.com/image/private/t_editorial_squared_6_desktop/f_png/mls-nsh-prd/bxnhotjlwnimyudnp3fx.png,Venezuela,https://cdn.sofifa.com/flags/ve.png
J. Maher,https://images.mlssoccer.com/image/private/t_editorial_squared_6_desktop/f_png/mls-nsh-prd/cdgwdyzic2dmbdgk46bi.png,USA,https://cdn.sofifa.com/flags/us.png
J. Medranda,https://images.mlssoccer.com/image/private/t_editorial_squared_6_desktop/f_png/mls-nsh-prd/wx3roxxk85qbpbyf3p1g.png,Colombia,https://cdn.sofifa.com/flags/co.png
J. Willis,https://images.mlssoccer.com/image/private/t_editorial_squared_6_desktop/f_png/mls-nsh-prd/kmtsesffm4xonlebdkqx.png,USA,https://cdn.sofifa.com/flags/us.png
K. Tribbett,https://images.mlssoccer.com/image/private/t_editorial_squared_6_desktop/f_png/mls-nsh-prd/z1v25wdavlfacaznlb8u.png,USA,https://cdn.sofifa.com/flags/us.png
L. Haakenson,https://images.mlssoccer.com/image/private/t_editorial_squared_6_desktop/f_png/mls-nsh-prd/eirqkql65dqyiijwgrbs.png,USA,https://cdn.sofifa.com/flags/us.png
M. LaGrassa,https://images.mlssoccer.com/image/private/t_editorial_squared_6_desktop/f_png/mls-nsh-prd/rik84ejbraxslszcxreg.png,USA,https://cdn.sofifa.com/flags/us.png
M. Nazarit,https://images.mlssoccer.com/image/private/t_editorial_squared_6_desktop/f_png/mls-nsh-prd/bm2wha4yuljsiwsw5mme.png,Colombia,https://cdn.sofifa.com/flags/co.png
N. Hinds,https://images.mlssoccer.com/image/private/t_editorial_squared_6_desktop/f_png/mls-nsh-prd/uxalepgdzqofouwtd1o6.png,USA,https://cdn.sofifa.com/flags/us.png
R. Castellanos,https://images.mlssoccer.com/image/private/t_editorial_squared_6_desktop/f_png/mls-nsh-prd/dl6ngn9bv8169edxucru.png,Mexico,https://cdn.sofifa.com/flags/mx.png
R. Leal,https://images.mlssoccer.com/image/private/t_editorial_squared_6_desktop/f_png/mls-nsh-prd/kpqob4svwhuvyphl7vrh.png,Costa Rica,https://cdn.sofifa.com/flags/cr.png
R. Piñeiro,https://images.mlssoccer.com/image/private/t_editorial_squared_6_desktop/f_png/mls-nsh-prd/l1zvc45vdlgj5unrhppn.png,Uruguay,https://cdn.sofifa.com/flags/uy.png
T. Dieterich,https://images.mlssoccer.com/image/private/t_editorial_squared_6_desktop/f_png/mls-nsh-prd/juqydnb66offhbhbccg4.png,USA,https://cdn.sofifa.com/flags/us.png
T. Judge,https://images.mlssoccer.com/image/private/t_editorial_squared_6_desktop/f_png/mls-nsh-prd/o0a6b5pmtxjflpgkr8jz.png,USA,https://cdn.sofifa.com/flags/us.png
T. Saunders,https://images.mlssoccer.com/image/private/t_editorial_squared_6_desktop/f_png/mls-nsh-prd/bv6re1vb8oj8pedwobrf.png,USA,https://cdn.sofifa.com/flags/us.png
T. Washington,https://images.mlssoccer.com/image/private/t_editorial_squared_6_desktop/f_png/mls-nsh-prd/nu5fuuirbw3mjl2sg07r.png,USA,https://cdn.sofifa.com/flags/us.png
W. Zimmerman,https://images.mlssoccer.com/image/private/t_editorial_squared_6_desktop/f_png/mls-nsh-prd/mucloyiuooft3olieifp.png,USA,https://cdn.sofifa.com/flags/us.png
